order_id,order_time,customer_id,sku,quantity,priority,status,courier,pickup_deadline,product_variant_check
ORD1001,2026-09-25 06:21,CUST0001,SKU003,3,True,Order Received,FastShip,2026-09-25 15:45,OK
ORD1002,2026-09-25 10:18,CUST0002,SKU006,5,False,Delivered,ValueCourier,2026-09-25 18:15,OK
ORD1003,2026-09-25 11:14,CUST0003,SKU018,5,False,Order Received,FastShip,2026-09-25 18:15,OK
ORD1004,2026-09-25 12:14,CUST0004,SKU006,5,False,Packed,ValueCourier,2026-09-25 17:15,OK
ORD1005,2026-09-25 11:50,CUST0005,SKU006,5,False,Packing,ValueCourier,2026-09-25 16:45,OK
ORD1006,2026-09-25 13:20,CUST0006,SKU010,3,False,Staging,ValueCourier,2026-09-25 16:30,OK
ORD1007,2026-09-25 07:52,CUST0007,SKU009,2,False,Packing,FastShip,2026-09-25 17:00,OK
ORD1008,2026-09-25 11:19,CUST0008,SKU008,3,False,Staging,FastShip,2026-09-25 18:00,OK
ORD1009,2026-09-25 09:09,CUST0009,SKU020,1,True,Processed,FastShip,2026-09-25 13:45,OK
ORD1010,2026-09-25 12:19,CUST0010,SKU020,5,False,Processed,SpeedX,2026-09-25 17:15,OK
ORD1011,2026-09-25 06:15,CUST0011,SKU004,1,False,Packing,QuickGo,2026-09-25 18:30,OK
ORD1012,2026-09-25 13:04,CUST0012,SKU015,1,False,Processed,ValueCourier,2026-09-25 17:30,OK
ORD1013,2026-09-25 09:54,CUST0013,SKU006,2,False,Shipped,FastShip,2026-09-25 18:00,OK
ORD1014,2026-09-25 08:18,CUST0014,SKU008,1,True,Shipped,ValueCourier,2026-09-25 14:15,OK
ORD1015,2026-09-25 07:44,CUST0015,SKU010,1,False,Processed,FastShip,2026-09-25 16:45,Verify variant
ORD1016,2026-09-25 05:21,CUST0016,SKU016,1,False,Staging,QuickGo,2026-09-25 18:30,OK
ORD1017,2026-09-25 08:00,CUST0017,SKU012,2,False,Delivered,ValueCourier,2026-09-25 16:30,OK
ORD1018,2026-09-25 11:50,CUST0018,SKU009,3,False,Shipped,QuickGo,2026-09-25 18:15,OK
ORD1019,2026-09-25 14:12,CUST0019,SKU010,3,False,Shipped,QuickGo,2026-09-25 17:30,OK
ORD1020,2026-09-25 05:04,CUST0020,SKU004,4,False,Staging,FastShip,2026-09-25 16:45,OK
ORD1021,2026-09-25 10:26,CUST0021,SKU008,3,False,Picking,QuickGo,2026-09-25 17:15,OK
ORD1022,2026-09-25 06:11,CUST0022,SKU009,5,True,Delivered,QuickGo,2026-09-25 14:30,OK
ORD1023,2026-09-25 07:25,CUST0023,SKU019,1,False,Delivered,SpeedX,2026-09-25 18:45,OK
ORD1024,2026-09-25 13:26,CUST0024,SKU002,3,False,Order Received,ValueCourier,2026-09-25 17:15,OK
ORD1025,2026-09-25 10:11,CUST0025,SKU015,2,False,Processed,FastShip,2026-09-25 17:45,OK
ORD1026,2026-09-25 13:53,CUST0026,SKU015,4,False,Processed,ValueCourier,2026-09-25 18:15,OK
ORD1027,2026-09-25 10:18,CUST0027,SKU003,2,False,Order Received,FastShip,2026-09-25 18:00,OK
ORD1028,2026-09-25 11:56,CUST0028,SKU019,2,True,Delivered,ValueCourier,2026-09-25 14:00,OK
ORD1029,2026-09-25 05:04,CUST0029,SKU012,4,False,Staging,FastShip,2026-09-25 16:30,OK
ORD1030,2026-09-25 11:27,CUST0030,SKU018,5,False,Processed,FastShip,2026-09-25 17:45,OK
ORD1031,2026-09-25 12:57,CUST0031,SKU010,2,False,Shipped,FastShip,2026-09-25 17:00,OK
ORD1032,2026-09-25 10:59,CUST0032,SKU010,1,True,Delivered,SpeedX,2026-09-25 16:45,OK
ORD1033,2026-09-25 07:01,CUST0033,SKU002,4,False,Packed,ValueCourier,2026-09-25 16:45,OK
ORD1034,2026-09-25 08:37,CUST0034,SKU017,2,False,Order Received,SpeedX,2026-09-25 16:15,OK
ORD1035,2026-09-25 12:02,CUST0035,SKU015,1,False,Delivered,SpeedX,2026-09-25 18:30,OK
ORD1036,2026-09-25 12:47,CUST0036,SKU007,4,True,Packing,QuickGo,2026-09-25 16:15,Verify variant
ORD1037,2026-09-25 08:48,CUST0037,SKU003,3,False,Staging,FastShip,2026-09-25 18:15,OK
ORD1038,2026-09-25 11:07,CUST0038,SKU006,3,False,Packed,SpeedX,2026-09-25 18:00,OK
ORD1039,2026-09-25 09:15,CUST0039,SKU007,5,False,Packed,QuickGo,2026-09-25 16:45,OK
ORD1040,2026-09-25 14:19,CUST0040,SKU005,4,False,Packed,FastShip,2026-09-25 17:45,OK
ORD1041,2026-09-25 11:33,CUST0041,SKU013,4,False,Shipped,FastShip,2026-09-25 16:30,OK
ORD1042,2026-09-25 11:37,CUST0042,SKU013,3,True,Processed,ValueCourier,2026-09-25 13:15,OK
ORD1043,2026-09-25 10:59,CUST0043,SKU001,4,True,Order Received,QuickGo,2026-09-25 15:00,OK
ORD1044,2026-09-25 06:12,CUST0044,SKU019,4,True,Staging,FastShip,2026-09-25 16:00,OK
ORD1045,2026-09-25 10:11,CUST0045,SKU010,3,False,Picking,SpeedX,2026-09-25 16:30,OK
ORD1046,2026-09-25 13:36,CUST0046,SKU001,2,True,Processed,FastShip,2026-09-25 16:00,OK
ORD1047,2026-09-25 12:04,CUST0047,SKU004,5,False,Delivered,SpeedX,2026-09-25 16:30,OK
ORD1048,2026-09-25 12:33,CUST0048,SKU014,4,False,Packed,SpeedX,2026-09-25 17:45,OK
ORD1049,2026-09-25 05:14,CUST0049,SKU017,4,False,Shipped,QuickGo,2026-09-25 16:15,OK
ORD1050,2026-09-25 06:51,CUST0050,SKU005,2,False,Order Received,SpeedX,2026-09-25 16:30,OK
ORD1051,2026-09-25 14:29,CUST0051,SKU018,4,True,Order Received,SpeedX,2026-09-25 16:45,OK
ORD1052,2026-09-25 08:09,CUST0052,SKU003,5,True,Packed,ValueCourier,2026-09-25 16:00,OK
ORD1053,2026-09-25 13:51,CUST0053,SKU011,3,False,Packed,QuickGo,2026-09-25 16:45,OK
ORD1054,2026-09-25 05:26,CUST0054,SKU008,1,False,Shipped,QuickGo,2026-09-25 18:00,OK
ORD1055,2026-09-25 09:21,CUST0055,SKU008,2,False,Delivered,FastShip,2026-09-25 16:30,OK
ORD1056,2026-09-25 11:04,CUST0056,SKU002,4,False,Shipped,SpeedX,2026-09-25 16:30,OK
ORD1057,2026-09-25 10:17,CUST0057,SKU004,4,False,Staging,SpeedX,2026-09-25 16:30,OK
ORD1058,2026-09-25 07:09,CUST0058,SKU014,5,False,Staging,QuickGo,2026-09-25 17:15,OK
ORD1059,2026-09-25 06:22,CUST0059,SKU010,4,False,Packing,QuickGo,2026-09-25 17:30,OK
ORD1060,2026-09-25 12:23,CUST0060,SKU008,3,False,Order Received,ValueCourier,2026-09-25 16:15,OK
ORD1061,2026-09-25 07:33,CUST0061,SKU013,1,False,Delivered,SpeedX,2026-09-25 16:30,OK
ORD1062,2026-09-25 10:00,CUST0062,SKU015,4,False,Picking,ValueCourier,2026-09-25 18:15,Verify variant
ORD1063,2026-09-25 05:51,CUST0063,SKU007,3,True,Order Received,QuickGo,2026-09-25 15:45,OK
ORD1064,2026-09-25 13:42,CUST0064,SKU020,1,True,Delivered,ValueCourier,2026-09-25 14:30,OK
ORD1065,2026-09-25 07:59,CUST0065,SKU019,4,True,Packed,QuickGo,2026-09-25 16:00,OK
ORD1066,2026-09-25 07:50,CUST0066,SKU007,4,True,Packed,FastShip,2026-09-25 15:45,OK
ORD1067,2026-09-25 09:46,CUST0067,SKU012,4,False,Processed,FastShip,2026-09-25 18:15,OK
ORD1068,2026-09-25 10:23,CUST0068,SKU007,3,False,Delivered,FastShip,2026-09-25 17:45,OK
ORD1069,2026-09-25 09:59,CUST0069,SKU007,4,True,Packed,ValueCourier,2026-09-25 14:30,OK
ORD1070,2026-09-25 11:29,CUST0070,SKU018,5,True,Processed,SpeedX,2026-09-25 13:00,OK
ORD1071,2026-09-25 05:08,CUST0071,SKU019,1,True,Shipped,FastShip,2026-09-25 16:30,OK
ORD1072,2026-09-25 05:29,CUST0072,SKU007,4,False,Processed,SpeedX,2026-09-25 18:30,OK
ORD1073,2026-09-25 05:59,CUST0073,SKU013,2,True,Packing,FastShip,2026-09-25 16:45,OK
ORD1074,2026-09-25 10:17,CUST0074,SKU008,4,False,Shipped,SpeedX,2026-09-25 16:45,OK
ORD1075,2026-09-25 11:47,CUST0075,SKU004,5,False,Delivered,SpeedX,2026-09-25 16:45,OK
ORD1076,2026-09-25 09:49,CUST0076,SKU004,2,False,Delivered,SpeedX,2026-09-25 18:45,OK
ORD1077,2026-09-25 13:56,CUST0077,SKU002,2,False,Processed,SpeedX,2026-09-25 17:15,Verify variant
ORD1078,2026-09-25 07:38,CUST0078,SKU020,2,False,Staging,FastShip,2026-09-25 18:45,OK
ORD1079,2026-09-25 11:43,CUST0079,SKU016,1,False,Packing,QuickGo,2026-09-25 17:45,OK
ORD1080,2026-09-25 08:42,CUST0080,SKU019,1,False,Picking,ValueCourier,2026-09-25 18:15,Verify variant
ORD1081,2026-09-25 13:43,CUST0081,SKU014,3,False,Order Received,SpeedX,2026-09-25 17:30,OK
ORD1082,2026-09-25 09:16,CUST0082,SKU001,4,False,Delivered,ValueCourier,2026-09-25 18:45,OK
ORD1083,2026-09-25 05:22,CUST0083,SKU011,5,False,Delivered,FastShip,2026-09-25 16:00,OK
ORD1084,2026-09-25 11:14,CUST0084,SKU016,2,False,Shipped,ValueCourier,2026-09-25 17:30,OK
ORD1085,2026-09-25 06:15,CUST0085,SKU007,1,True,Order Received,QuickGo,2026-09-25 13:45,Verify variant
ORD1086,2026-09-25 11:30,CUST0086,SKU018,2,False,Picking,QuickGo,2026-09-25 16:45,OK
ORD1087,2026-09-25 13:45,CUST0087,SKU011,4,False,Picking,QuickGo,2026-09-25 17:15,OK
ORD1088,2026-09-25 07:16,CUST0088,SKU002,2,False,Delivered,ValueCourier,2026-09-25 17:30,OK
ORD1089,2026-09-25 07:49,CUST0089,SKU011,5,False,Packed,ValueCourier,2026-09-25 16:45,OK
ORD1090,2026-09-25 05:21,CUST0090,SKU013,3,False,Picking,QuickGo,2026-09-25 16:00,OK
ORD1091,2026-09-25 07:33,CUST0091,SKU008,3,False,Processed,FastShip,2026-09-25 18:00,OK
ORD1092,2026-09-25 09:08,CUST0092,SKU009,2,True,Packing,SpeedX,2026-09-25 15:45,OK
ORD1093,2026-09-25 13:25,CUST0093,SKU016,5,False,Delivered,FastShip,2026-09-25 18:00,OK
ORD1094,2026-09-25 11:26,CUST0094,SKU018,1,False,Delivered,QuickGo,2026-09-25 17:15,OK
ORD1095,2026-09-25 13:57,CUST0095,SKU017,4,True,Shipped,SpeedX,2026-09-25 14:00,OK
ORD1096,2026-09-25 10:26,CUST0096,SKU020,5,True,Shipped,FastShip,2026-09-25 16:45,OK
ORD1097,2026-09-25 10:25,CUST0097,SKU019,1,False,Processed,SpeedX,2026-09-25 17:00,OK
ORD1098,2026-09-25 06:20,CUST0098,SKU016,5,False,Shipped,FastShip,2026-09-25 16:15,OK
ORD1099,2026-09-25 09:16,CUST0099,SKU006,4,False,Shipped,FastShip,2026-09-25 18:15,OK
ORD1100,2026-09-25 07:48,CUST0100,SKU017,3,False,Processed,FastShip,2026-09-25 16:00,OK
ORD1101,2026-09-25 07:12,CUST0101,SKU009,2,True,Packed,FastShip,2026-09-25 14:45,OK
ORD1102,2026-09-25 05:57,CUST0102,SKU017,5,False,Delivered,ValueCourier,2026-09-25 17:45,OK
ORD1103,2026-09-25 13:24,CUST0103,SKU011,2,False,Packed,QuickGo,2026-09-25 17:45,OK
ORD1104,2026-09-25 12:44,CUST0104,SKU008,4,False,Picking,QuickGo,2026-09-25 16:15,OK
ORD1105,2026-09-25 12:39,CUST0105,SKU011,1,False,Order Received,SpeedX,2026-09-25 17:00,OK
ORD1106,2026-09-25 05:07,CUST0106,SKU008,4,False,Processed,QuickGo,2026-09-25 17:00,OK
ORD1107,2026-09-25 09:01,CUST0107,SKU002,5,False,Order Received,SpeedX,2026-09-25 16:30,OK
ORD1108,2026-09-25 07:22,CUST0108,SKU019,3,True,Processed,FastShip,2026-09-25 15:00,OK
ORD1109,2026-09-25 09:54,CUST0109,SKU009,3,False,Packing,FastShip,2026-09-25 16:15,OK
ORD1110,2026-09-25 07:30,CUST0110,SKU018,4,False,Packing,SpeedX,2026-09-25 17:15,OK
ORD1111,2026-09-25 14:27,CUST0111,SKU007,1,False,Picking,QuickGo,2026-09-25 18:30,OK
ORD1112,2026-09-25 14:02,CUST0112,SKU004,4,True,Staging,SpeedX,2026-09-25 16:45,OK
ORD1113,2026-09-25 10:16,CUST0113,SKU002,3,False,Packing,SpeedX,2026-09-25 18:00,OK
ORD1114,2026-09-25 08:18,CUST0114,SKU013,3,False,Order Received,FastShip,2026-09-25 18:30,OK
ORD1115,2026-09-25 09:14,CUST0115,SKU002,3,True,Shipped,QuickGo,2026-09-25 14:00,Verify variant
ORD1116,2026-09-25 12:44,CUST0116,SKU015,5,False,Processed,SpeedX,2026-09-25 17:30,OK
ORD1117,2026-09-25 07:22,CUST0117,SKU008,1,False,Packing,ValueCourier,2026-09-25 16:45,Verify variant
ORD1118,2026-09-25 13:02,CUST0118,SKU016,2,False,Order Received,QuickGo,2026-09-25 17:30,OK
ORD1119,2026-09-25 14:07,CUST0119,SKU019,1,False,Packed,SpeedX,2026-09-25 16:30,OK
ORD1120,2026-09-25 05:42,CUST0120,SKU002,3,False,Delivered,ValueCourier,2026-09-25 17:45,OK
ORD1121,2026-09-25 08:52,CUST0121,SKU005,1,False,Picking,FastShip,2026-09-25 16:00,OK
ORD1122,2026-09-25 07:42,CUST0122,SKU011,5,False,Delivered,FastShip,2026-09-25 16:00,OK
ORD1123,2026-09-25 12:18,CUST0123,SKU005,4,False,Delivered,QuickGo,2026-09-25 17:30,Verify variant
ORD1124,2026-09-25 09:00,CUST0124,SKU009,2,False,Processed,ValueCourier,2026-09-25 16:30,OK
ORD1125,2026-09-25 14:14,CUST0125,SKU002,4,False,Delivered,FastShip,2026-09-25 17:45,OK
ORD1126,2026-09-25 12:10,CUST0126,SKU019,1,True,Shipped,ValueCourier,2026-09-25 13:30,OK
ORD1127,2026-09-25 13:53,CUST0127,SKU008,4,False,Packing,SpeedX,2026-09-25 18:15,OK
ORD1128,2026-09-25 06:22,CUST0128,SKU004,2,False,Packed,QuickGo,2026-09-25 16:45,OK
ORD1129,2026-09-25 08:39,CUST0129,SKU006,5,False,Shipped,ValueCourier,2026-09-25 16:30,OK
ORD1130,2026-09-25 12:56,CUST0130,SKU005,1,False,Picking,ValueCourier,2026-09-25 18:00,OK
ORD1131,2026-09-25 10:47,CUST0131,SKU020,2,False,Order Received,FastShip,2026-09-25 18:45,OK
ORD1132,2026-09-25 12:00,CUST0132,SKU017,5,False,Packed,SpeedX,2026-09-25 16:00,OK
ORD1133,2026-09-25 08:10,CUST0133,SKU015,3,False,Delivered,QuickGo,2026-09-25 16:15,OK
ORD1134,2026-09-25 06:24,CUST0134,SKU018,4,False,Shipped,QuickGo,2026-09-25 18:15,OK
ORD1135,2026-09-25 06:55,CUST0135,SKU019,3,False,Packed,ValueCourier,2026-09-25 18:30,OK
ORD1136,2026-09-25 05:56,CUST0136,SKU013,2,False,Staging,SpeedX,2026-09-25 17:00,OK
ORD1137,2026-09-25 13:55,CUST0137,SKU005,2,False,Processed,ValueCourier,2026-09-25 17:15,OK
ORD1138,2026-09-25 07:25,CUST0138,SKU013,3,False,Shipped,QuickGo,2026-09-25 16:00,OK
ORD1139,2026-09-25 09:43,CUST0139,SKU019,1,False,Packed,SpeedX,2026-09-25 17:45,OK
ORD1140,2026-09-25 07:18,CUST0140,SKU012,3,False,Packed,ValueCourier,2026-09-25 16:15,OK
ORD1141,2026-09-25 13:48,CUST0141,SKU012,1,False,Packed,SpeedX,2026-09-25 18:15,OK
ORD1142,2026-09-25 11:32,CUST0142,SKU010,4,False,Processed,FastShip,2026-09-25 16:00,OK
ORD1143,2026-09-25 11:50,CUST0143,SKU003,2,False,Staging,QuickGo,2026-09-25 18:15,Verify variant
ORD1144,2026-09-25 14:24,CUST0144,SKU017,2,False,Processed,FastShip,2026-09-25 17:30,OK
ORD1145,2026-09-25 13:03,CUST0145,SKU004,3,False,Packing,ValueCourier,2026-09-25 18:30,OK
ORD1146,2026-09-25 10:13,CUST0146,SKU009,2,False,Picking,SpeedX,2026-09-25 18:45,OK
ORD1147,2026-09-25 09:08,CUST0147,SKU018,3,False,Processed,QuickGo,2026-09-25 16:15,OK
ORD1148,2026-09-25 12:54,CUST0148,SKU015,3,False,Packing,FastShip,2026-09-25 17:30,OK
ORD1149,2026-09-25 05:30,CUST0149,SKU001,1,False,Packing,ValueCourier,2026-09-25 17:00,OK
ORD1150,2026-09-25 09:06,CUST0150,SKU020,4,False,Processed,ValueCourier,2026-09-25 18:15,OK
ORD1151,2026-09-25 11:39,CUST0151,SKU014,2,False,Packing,QuickGo,2026-09-25 16:30,OK
ORD1152,2026-09-25 08:37,CUST0152,SKU006,3,False,Order Received,ValueCourier,2026-09-25 17:45,OK
ORD1153,2026-09-25 08:52,CUST0153,SKU004,4,False,Picking,FastShip,2026-09-25 16:45,OK
ORD1154,2026-09-25 07:31,CUST0154,SKU013,3,False,Processed,SpeedX,2026-09-25 16:00,Verify variant
ORD1155,2026-09-25 10:44,CUST0155,SKU001,3,False,Shipped,SpeedX,2026-09-25 17:00,OK
ORD1156,2026-09-25 10:01,CUST0156,SKU008,2,True,Packed,SpeedX,2026-09-25 14:15,OK
ORD1157,2026-09-25 13:19,CUST0157,SKU004,5,False,Staging,SpeedX,2026-09-25 16:45,OK
ORD1158,2026-09-25 13:37,CUST0158,SKU018,3,False,Delivered,ValueCourier,2026-09-25 16:15,OK
ORD1159,2026-09-25 13:31,CUST0159,SKU017,2,False,Delivered,ValueCourier,2026-09-25 16:00,OK
ORD1160,2026-09-25 07:28,CUST0160,SKU013,4,False,Processed,QuickGo,2026-09-25 16:30,OK
ORD1161,2026-09-25 05:35,CUST0161,SKU002,2,False,Packed,FastShip,2026-09-25 16:30,OK
ORD1162,2026-09-25 08:37,CUST0162,SKU013,3,False,Picking,FastShip,2026-09-25 17:45,OK
ORD1163,2026-09-25 08:54,CUST0163,SKU001,3,False,Order Received,SpeedX,2026-09-25 16:30,OK
ORD1164,2026-09-25 08:33,CUST0164,SKU008,2,False,Delivered,SpeedX,2026-09-25 17:30,OK
ORD1165,2026-09-25 12:46,CUST0165,SKU011,4,False,Order Received,FastShip,2026-09-25 18:15,Verify variant
ORD1166,2026-09-25 07:46,CUST0166,SKU008,2,True,Staging,ValueCourier,2026-09-25 14:00,Verify variant
ORD1167,2026-09-25 06:33,CUST0167,SKU018,1,False,Delivered,QuickGo,2026-09-25 17:30,OK
ORD1168,2026-09-25 08:44,CUST0168,SKU004,2,False,Shipped,QuickGo,2026-09-25 16:30,OK
ORD1169,2026-09-25 11:46,CUST0169,SKU005,4,False,Delivered,FastShip,2026-09-25 16:00,OK
ORD1170,2026-09-25 14:00,CUST0170,SKU010,3,False,Shipped,QuickGo,2026-09-25 17:30,OK
ORD1171,2026-09-25 14:04,CUST0171,SKU004,3,False,Shipped,SpeedX,2026-09-25 17:30,OK
ORD1172,2026-09-25 10:18,CUST0172,SKU013,1,False,Shipped,ValueCourier,2026-09-25 17:00,OK
ORD1173,2026-09-25 06:25,CUST0173,SKU008,4,False,Packed,ValueCourier,2026-09-25 16:30,OK
ORD1174,2026-09-25 11:19,CUST0174,SKU009,1,False,Delivered,SpeedX,2026-09-25 17:30,OK
ORD1175,2026-09-25 14:03,CUST0175,SKU003,4,False,Processed,QuickGo,2026-09-25 16:30,OK
ORD1176,2026-09-25 08:57,CUST0176,SKU013,4,True,Delivered,SpeedX,2026-09-25 14:30,OK
ORD1177,2026-09-25 07:50,CUST0177,SKU006,1,False,Packing,ValueCourier,2026-09-25 17:00,OK
ORD1178,2026-09-25 11:56,CUST0178,SKU015,1,False,Order Received,QuickGo,2026-09-25 17:30,OK
ORD1179,2026-09-25 07:27,CUST0179,SKU008,5,False,Picking,ValueCourier,2026-09-25 16:15,OK
ORD1180,2026-09-25 08:18,CUST0180,SKU018,4,False,Delivered,FastShip,2026-09-25 17:15,OK
ORD1181,2026-09-25 08:13,CUST0181,SKU009,5,False,Packing,SpeedX,2026-09-25 17:45,OK
ORD1182,2026-09-25 07:11,CUST0182,SKU018,5,False,Picking,FastShip,2026-09-25 17:00,OK
ORD1183,2026-09-25 05:27,CUST0183,SKU015,2,False,Order Received,ValueCourier,2026-09-25 16:30,OK
ORD1184,2026-09-25 06:19,CUST0184,SKU008,2,True,Processed,FastShip,2026-09-25 15:00,OK
ORD1185,2026-09-25 11:43,CUST0185,SKU014,5,False,Shipped,ValueCourier,2026-09-25 18:15,OK
ORD1186,2026-09-25 13:41,CUST0186,SKU005,3,True,Staging,QuickGo,2026-09-25 15:00,OK
ORD1187,2026-09-25 05:10,CUST0187,SKU017,2,False,Delivered,ValueCourier,2026-09-25 18:30,OK
ORD1188,2026-09-25 05:17,CUST0188,SKU013,1,False,Delivered,ValueCourier,2026-09-25 18:30,Verify variant
ORD1189,2026-09-25 06:58,CUST0189,SKU003,4,False,Delivered,QuickGo,2026-09-25 17:30,Verify variant
ORD1190,2026-09-25 08:11,CUST0190,SKU013,1,True,Processed,ValueCourier,2026-09-25 16:15,OK
ORD1191,2026-09-25 12:46,CUST0191,SKU009,4,False,Order Received,QuickGo,2026-09-25 18:30,OK
ORD1192,2026-09-25 08:31,CUST0192,SKU001,3,False,Packing,QuickGo,2026-09-25 16:15,OK
ORD1193,2026-09-25 07:32,CUST0193,SKU009,5,False,Processed,FastShip,2026-09-25 17:30,OK
ORD1194,2026-09-25 06:58,CUST0194,SKU016,2,False,Packed,QuickGo,2026-09-25 17:15,OK
ORD1195,2026-09-25 08:43,CUST0195,SKU013,1,True,Shipped,QuickGo,2026-09-25 15:15,OK
ORD1196,2026-09-25 08:54,CUST0196,SKU010,2,True,Packing,FastShip,2026-09-25 15:30,OK
ORD1197,2026-09-25 07:15,CUST0197,SKU013,1,False,Order Received,SpeedX,2026-09-25 16:45,OK
ORD1198,2026-09-25 07:55,CUST0198,SKU001,3,False,Order Received,SpeedX,2026-09-25 16:15,OK
ORD1199,2026-09-25 13:03,CUST0199,SKU012,2,True,Delivered,ValueCourier,2026-09-25 13:30,OK
ORD1200,2026-09-25 05:31,CUST0200,SKU010,3,False,Order Received,ValueCourier,2026-09-25 16:15,OK
ORD1201,2026-09-25 12:49,CUST0201,SKU013,1,False,Shipped,SpeedX,2026-09-25 16:30,Verify variant
ORD1202,2026-09-25 14:07,CUST0202,SKU005,1,True,Shipped,FastShip,2026-09-25 15:15,OK
ORD1203,2026-09-25 10:59,CUST0203,SKU015,3,False,Packing,SpeedX,2026-09-25 18:45,OK
ORD1204,2026-09-25 05:51,CUST0204,SKU006,1,False,Packed,ValueCourier,2026-09-25 16:00,OK
ORD1205,2026-09-25 08:25,CUST0205,SKU001,5,False,Processed,FastShip,2026-09-25 16:15,OK
ORD1206,2026-09-25 05:17,CUST0206,SKU019,1,False,Order Received,SpeedX,2026-09-25 18:30,OK
ORD1207,2026-09-25 07:54,CUST0207,SKU003,2,False,Shipped,FastShip,2026-09-25 16:15,OK
ORD1208,2026-09-25 06:56,CUST0208,SKU019,4,False,Delivered,QuickGo,2026-09-25 18:45,OK
ORD1209,2026-09-25 11:13,CUST0209,SKU001,1,False,Packing,QuickGo,2026-09-25 16:30,OK
ORD1210,2026-09-25 06:10,CUST0210,SKU009,3,True,Order Received,ValueCourier,2026-09-25 14:00,OK
ORD1211,2026-09-25 11:15,CUST0211,SKU003,1,False,Order Received,FastShip,2026-09-25 17:15,OK
ORD1212,2026-09-25 06:07,CUST0212,SKU014,2,False,Delivered,FastShip,2026-09-25 17:30,Verify variant
ORD1213,2026-09-25 07:26,CUST0213,SKU010,1,False,Delivered,ValueCourier,2026-09-25 18:15,OK
ORD1214,2026-09-25 13:25,CUST0214,SKU005,1,False,Order Received,FastShip,2026-09-25 16:30,OK
ORD1215,2026-09-25 07:52,CUST0215,SKU007,3,False,Packing,SpeedX,2026-09-25 17:00,OK
ORD1216,2026-09-25 09:04,CUST0216,SKU015,2,True,Packing,ValueCourier,2026-09-25 16:45,OK
ORD1217,2026-09-25 09:14,CUST0217,SKU011,1,False,Packing,ValueCourier,2026-09-25 16:00,OK
ORD1218,2026-09-25 12:38,CUST0218,SKU020,5,False,Shipped,FastShip,2026-09-25 18:45,OK
ORD1219,2026-09-25 06:39,CUST0219,SKU018,3,False,Delivered,QuickGo,2026-09-25 16:30,OK
ORD1220,2026-09-25 06:42,CUST0220,SKU007,1,False,Order Received,SpeedX,2026-09-25 16:45,OK
ORD1221,2026-09-25 13:40,CUST0221,SKU014,1,True,Processed,SpeedX,2026-09-25 15:00,OK
ORD1222,2026-09-25 07:38,CUST0222,SKU010,3,False,Shipped,SpeedX,2026-09-25 18:15,Verify variant
ORD1223,2026-09-25 10:54,CUST0223,SKU015,5,False,Shipped,QuickGo,2026-09-25 18:45,OK
ORD1224,2026-09-25 11:35,CUST0224,SKU013,2,False,Packing,ValueCourier,2026-09-25 17:30,OK
ORD1225,2026-09-25 10:19,CUST0225,SKU020,2,False,Shipped,FastShip,2026-09-25 18:45,OK
ORD1226,2026-09-25 05:39,CUST0226,SKU013,5,False,Delivered,QuickGo,2026-09-25 17:00,OK
ORD1227,2026-09-25 08:30,CUST0227,SKU006,5,False,Order Received,QuickGo,2026-09-25 18:30,OK
ORD1228,2026-09-25 13:57,CUST0228,SKU016,2,True,Staging,FastShip,2026-09-25 16:00,OK
ORD1229,2026-09-25 11:11,CUST0229,SKU008,3,False,Packing,FastShip,2026-09-25 17:45,OK
ORD1230,2026-09-25 06:31,CUST0230,SKU020,3,True,Shipped,FastShip,2026-09-25 15:15,OK
ORD1231,2026-09-25 05:11,CUST0231,SKU008,5,False,Packing,SpeedX,2026-09-25 16:15,OK
ORD1232,2026-09-25 13:46,CUST0232,SKU019,2,False,Shipped,SpeedX,2026-09-25 17:00,OK
ORD1233,2026-09-25 08:18,CUST0233,SKU014,3,False,Packed,FastShip,2026-09-25 18:15,OK
ORD1234,2026-09-25 08:22,CUST0234,SKU004,1,True,Delivered,QuickGo,2026-09-25 14:30,OK
ORD1235,2026-09-25 05:42,CUST0235,SKU015,1,False,Order Received,SpeedX,2026-09-25 17:15,OK
ORD1236,2026-09-25 07:58,CUST0236,SKU005,4,True,Packing,FastShip,2026-09-25 13:30,OK
ORD1237,2026-09-25 13:15,CUST0237,SKU003,4,True,Shipped,FastShip,2026-09-25 15:45,OK
ORD1238,2026-09-25 12:46,CUST0238,SKU009,1,True,Processed,SpeedX,2026-09-25 15:00,OK
ORD1239,2026-09-25 09:31,CUST0239,SKU008,3,False,Order Received,SpeedX,2026-09-25 17:30,OK
ORD1240,2026-09-25 06:01,CUST0240,SKU016,1,False,Picking,ValueCourier,2026-09-25 16:45,OK
ORD1241,2026-09-25 13:19,CUST0241,SKU003,4,True,Order Received,FastShip,2026-09-25 15:00,OK
ORD1242,2026-09-25 06:57,CUST0242,SKU014,5,False,Processed,QuickGo,2026-09-25 16:30,OK
ORD1243,2026-09-25 13:49,CUST0243,SKU011,2,False,Packed,ValueCourier,2026-09-25 18:00,OK
ORD1244,2026-09-25 05:02,CUST0244,SKU006,5,False,Delivered,FastShip,2026-09-25 17:45,OK
ORD1245,2026-09-25 06:59,CUST0245,SKU014,1,False,Packed,ValueCourier,2026-09-25 18:45,OK
ORD1246,2026-09-25 07:07,CUST0246,SKU016,1,True,Shipped,SpeedX,2026-09-25 13:45,OK
ORD1247,2026-09-25 10:53,CUST0247,SKU012,4,False,Order Received,QuickGo,2026-09-25 16:15,OK
ORD1248,2026-09-25 07:42,CUST0248,SKU012,2,False,Processed,FastShip,2026-09-25 16:45,OK
ORD1249,2026-09-25 10:04,CUST0249,SKU015,5,True,Packing,QuickGo,2026-09-25 15:30,OK
ORD1250,2026-09-25 10:52,CUST0250,SKU017,4,False,Shipped,SpeedX,2026-09-25 17:45,OK
